study_id,citation_key,screening_record_id,year,title,reliability_sample,explanation_role_primary__coding_pass_1,explanation_role_primary__coding_pass_2,explanation_role_primary__agreement,explanation_role_primary__final_label,explanation_role_primary__source_review_required,explanation_role_primary__resolution_basis,mixed_purpose_xai__coding_pass_1,mixed_purpose_xai__coding_pass_2,mixed_purpose_xai__agreement,mixed_purpose_xai__final_label,mixed_purpose_xai__source_review_required,mixed_purpose_xai__resolution_basis,trust_evidence_level__coding_pass_1,trust_evidence_level__coding_pass_2,trust_evidence_level__agreement,trust_evidence_level__final_label,trust_evidence_level__source_review_required,trust_evidence_level__resolution_basis,operational_evidence_level__coding_pass_1,operational_evidence_level__coding_pass_2,operational_evidence_level__agreement,operational_evidence_level__final_label,operational_evidence_level__source_review_required,operational_evidence_level__resolution_basis,validation_gate_reached__coding_pass_1,validation_gate_reached__coding_pass_2,validation_gate_reached__agreement,validation_gate_reached__final_label,validation_gate_reached__source_review_required,validation_gate_reached__resolution_basis,reproducibility_level__coding_pass_1,reproducibility_level__coding_pass_2,reproducibility_level__agreement,reproducibility_level__final_label,reproducibility_level__source_review_required,reproducibility_level__resolution_basis,claim_risk__coding_pass_1,claim_risk__coding_pass_2,claim_risk__agreement,claim_risk__final_label,claim_risk__source_review_required,claim_risk__resolution_basis
S001,Keerthi2025ProactiveDefenseAgainst,FT020,2025,Proactive Defense Against Quishing: Integrating Predictive Analytics and Dynamic Analysis for Intelligent Threat Detection,calibration,operational interface support,operational interface support,yes,operational interface support,no,agreement between coding passes,no,no,yes,no,no,agreement between coding passes,none/rhetorical,none/rhetorical,yes,none/rhetorical,no,agreement between coding passes,prototype/interface,prototype/interface,yes,prototype/interface,no,agreement between coding passes,interface,interface,yes,interface,no,agreement between coding passes,low,low,yes,low,no,agreement between coding passes,high,high,yes,moderate,yes,full-text adjudication under the S5 codebook
S002,AlFayoumi2024XAIPhDFortifyingTrust,FT035,2024,XAI-PhD: Fortifying Trust of Phishing URL Detection Empowered by Shapley Additive Explanations,calibration,explanation-informed modeling,explanation-informed modeling,yes,explanation-informed modeling,no,agreement between coding passes,yes-multiple,yes-multiple,yes,yes-feature-selection,yes,full-text adjudication under the S5 codebook,none/rhetorical,none/rhetorical,yes,none/rhetorical,no,agreement between coding passes,runtime/resource,runtime/resource,yes,runtime/resource,no,agreement between coding passes,artifact,artifact,yes,artifact,no,agreement between coding passes,moderate,moderate,yes,moderate,no,agreement between coding passes,moderate,moderate,yes,moderate,no,agreement between coding passes
S003,Alam2024E2PhishExplainableEnsemble,FT005,2024,E2Phish: Explainable Ensemble Machine Learning Model for Enhanced Phishing URL Detection,holdout,explanation-informed modeling,explanation-informed modeling,yes,model inspection,yes,full-text adjudication under the S5 codebook,yes-feature-selection,yes-feature-selection,yes,no,yes,full-text adjudication under the S5 codebook,none/rhetorical,none/rhetorical,yes,none/rhetorical,no,agreement between coding passes,none,none,yes,none,no,agreement between coding passes,artifact,artifact,yes,artifact,no,agreement between coding passes,high,high,yes,high,no,agreement between coding passes,moderate,moderate,yes,moderate,no,agreement between coding passes
S004,Rashid2025OneshotURLClassifiers,FT010,2025,LLMs are one-shot URL classifiers and explainers,calibration,model inspection,model inspection,yes,local decision rationale,yes,full-text adjudication under the S5 codebook,no,no,yes,no,no,agreement between coding passes,automated proxy,automated proxy,yes,automated proxy,no,agreement between coding passes,none,none,yes,none,no,agreement between coding passes,artifact,artifact,yes,artifact,no,agreement between coding passes,moderate,moderate,yes,moderate,no,agreement between coding passes,low,moderate,no,moderate,yes,full-text adjudication under the S5 codebook
S005,Fatima2025ExplainableIOTDevices,FT016,2025,Explainable AI for IOT Devices and Robotic Communication Phishing Detection: A Machine Learning Approach Using LIME and SHAP,holdout,model inspection,model inspection,yes,operational interface support,yes,full-text adjudication under the S5 codebook,no,no,yes,no,no,agreement between coding passes,none/rhetorical,none/rhetorical,yes,none/rhetorical,no,agreement between coding passes,none,none,yes,prototype/interface,yes,full-text adjudication under the S5 codebook,artifact,artifact,yes,interface,yes,full-text adjudication under the S5 codebook,moderate,moderate,yes,moderate,no,agreement between coding passes,low,low,yes,moderate,yes,full-text adjudication under the S5 codebook
S006,Prayogo2024ExplainableLearningBasedWebsite,FT014,2024,An Explainable Machine Learning-Based Phishing Website Detection using Gradient Boosting,holdout,model inspection,model inspection,yes,model inspection,no,agreement between coding passes,yes-feature-selection,no,no,yes-feature-selection,yes,full-text adjudication under the S5 codebook,none/rhetorical,none/rhetorical,yes,none/rhetorical,no,agreement between coding passes,none,none,yes,none,no,agreement between coding passes,artifact,artifact,yes,artifact,no,agreement between coding passes,moderate,moderate,yes,moderate,no,agreement between coding passes,low,moderate,no,moderate,yes,full-text adjudication under the S5 codebook
S007,Alajlouni2024OptimizingURLComparative,FT011,2024,Optimizing Phishing URL Detection: A Comparative Analysis of Feature Counts and Training Times,holdout,model inspection,model inspection,yes,explanation-informed modeling,yes,full-text adjudication under the S5 codebook,no,yes-multiple,no,yes-model-simplification,yes,full-text adjudication under the S5 codebook,none/rhetorical,none/rhetorical,yes,none/rhetorical,no,agreement between coding passes,runtime/resource,runtime/resource,yes,runtime/resource,no,agreement between coding passes,artifact,artifact,yes,artifact,no,agreement between coding passes,low,low,yes,moderate,yes,full-text adjudication under the S5 codebook,low,low,yes,moderate,yes,full-text adjudication under the S5 codebook
S008,Bacanin2023AddressingFeatureSelection,FT003,2023,Addressing feature selection and extreme learning machine tuning by diversity-oriented social network search: an application for phishing websites detection,calibration,explanation-informed modeling,explanation-informed modeling,yes,model inspection,yes,full-text adjudication under the S5 codebook,yes-multiple,yes-multiple,yes,no,yes,full-text adjudication under the S5 codebook,none/rhetorical,none/rhetorical,yes,none/rhetorical,no,agreement between coding passes,none,none,yes,none,no,agreement between coding passes,artifact,artifact,yes,artifact,no,agreement between coding passes,high,high,yes,moderate,yes,full-text adjudication under the S5 codebook,moderate,moderate,yes,moderate,no,agreement between coding passes
S009,Vulfin2026MultimodalWebsiteSystem,FT004,2026,A Multimodal Phishing Website Detection System Using Explainable Artificial Intelligence Technologies,calibration,model inspection,model inspection,yes,operational interface support,yes,full-text adjudication under the S5 codebook,no,no,yes,no,no,agreement between coding passes,explicit human/user/analyst evaluation,explicit human/user/analyst evaluation,yes,explicit human/user/analyst evaluation,no,agreement between coding passes,prototype/interface,workflow/lifecycle,no,workflow/lifecycle,yes,full-text adjudication under the S5 codebook,human interpretation,human interpretation,yes,human interpretation,no,agreement between coding passes,low,low,yes,moderate,yes,full-text adjudication under the S5 codebook,low,low,yes,moderate,yes,full-text adjudication under the S5 codebook
S010,Yakandawala2024ExplainableTransparentEmail,FT017,2024,Explainable AI for Transparent Phishing Email Detection,holdout,model inspection,model inspection,yes,operational interface support,yes,full-text adjudication under the S5 codebook,no,no,yes,no,no,agreement between coding passes,none/rhetorical,none/rhetorical,yes,explicit human/user/analyst evaluation,yes,full-text adjudication under the S5 codebook,none,none,yes,prototype/interface,yes,full-text adjudication under the S5 codebook,artifact,artifact,yes,human interpretation,yes,full-text adjudication under the S5 codebook,low,low,yes,low,no,agreement between coding passes,low,low,yes,moderate,yes,full-text adjudication under the S5 codebook
S011,Liu2023KnowledgeExpansionCounterfactual,FT009,2023,Knowledge Expansion and Counterfactual Interaction for Reference-Based Phishing Detection,calibration,model inspection,model inspection,yes,robustness/failure analysis,yes,full-text adjudication under the S5 codebook,no,no,yes,no,no,agreement between coding passes,none/rhetorical,none/rhetorical,yes,none/rhetorical,no,agreement between coding passes,runtime/resource,runtime/resource,yes,runtime/resource,no,agreement between coding passes,artifact,artifact,yes,artifact,no,agreement between coding passes,moderate,moderate,yes,high,yes,full-text adjudication under the S5 codebook,moderate,low,no,low,yes,full-text adjudication under the S5 codebook
S012,Pragna2025ComprehensiveAnalysisApproaches,FT056,2025,Comprehensive Analysis of Machine Learning Approaches for Phishing Website Detection,holdout,model inspection,model inspection,yes,local decision rationale,yes,full-text adjudication under the S5 codebook,no,no,yes,no,no,agreement between coding passes,none/rhetorical,none/rhetorical,yes,none/rhetorical,no,agreement between coding passes,none,none,yes,none,no,agreement between coding passes,artifact,artifact,yes,artifact,no,agreement between coding passes,moderate,moderate,yes,moderate,no,agreement between coding passes,low,low,yes,moderate,yes,full-text adjudication under the S5 codebook
S013,Yadav2026LeveragingLargeLanguage,FT078,2026,Leveraging Large Language Models for Enhanced URL Phishing Detection,holdout,local decision rationale,local decision rationale,yes,local decision rationale,no,agreement between coding passes,no,no,yes,no,no,agreement between coding passes,none/rhetorical,none/rhetorical,yes,none/rhetorical,no,agreement between coding passes,runtime/resource,runtime/resource,yes,runtime/resource,no,agreement between coding passes,artifact,artifact,yes,artifact,no,agreement between coding passes,moderate,moderate,yes,low,yes,full-text adjudication under the S5 codebook,low,low,yes,moderate,yes,full-text adjudication under the S5 codebook
S014,Varsha2025ExplainableTechniquesChallenges,FT066,2025,"Explainable AI For Phishing Detection: Techniques, Challenges, and Experimental Validation",holdout,local decision rationale,local decision rationale,yes,robustness/failure analysis,yes,full-text adjudication under the S5 codebook,no,no,yes,no,no,agreement between coding passes,none/rhetorical,none/rhetorical,yes,none/rhetorical,no,agreement between coding passes,none,none,yes,none,no,agreement between coding passes,artifact,artifact,yes,artifact,no,agreement between coding passes,moderate,moderate,yes,moderate,no,agreement between coding passes,low,low,yes,moderate,yes,full-text adjudication under the S5 codebook
S015,Arthy2025HybridApproachSecuring,FT038,2025,A Hybrid Machine Learning Approach for Securing Emails:Phishing Detection and Prevention,holdout,model inspection,model inspection,yes,operational interface support,yes,full-text adjudication under the S5 codebook,no,no,yes,no,no,agreement between coding passes,none/rhetorical,none/rhetorical,yes,none/rhetorical,no,agreement between coding passes,none,none,yes,prototype/interface,yes,full-text adjudication under the S5 codebook,artifact,artifact,yes,interface,yes,full-text adjudication under the S5 codebook,moderate,moderate,yes,low,yes,full-text adjudication under the S5 codebook,moderate,moderate,yes,high,yes,full-text adjudication under the S5 codebook
S016,Sivasankar2025PracticalAddressingChallenges,FT090,2025,Towards Practical Phishing Detection: Addressing Challenges with Hybrid Machine Learning Architectures,holdout,model inspection,model inspection,yes,model inspection,no,agreement between coding passes,no,no,yes,no,no,agreement between coding passes,none/rhetorical,none/rhetorical,yes,none/rhetorical,no,agreement between coding passes,none,none,yes,none,no,agreement between coding passes,artifact,artifact,yes,artifact,no,agreement between coding passes,low,low,yes,low,no,agreement between coding passes,low,moderate,no,high,yes,full-text adjudication under the S5 codebook
S017,Matole2026SHAPDrivenFeatureSelection,FT087,2026,SHAP-Driven Feature Selection with Meta-ensemble Classifiers for Efficient Phishing URL Detection,holdout,explanation-informed modeling,explanation-informed modeling,yes,explanation-informed modeling,no,agreement between coding passes,yes-feature-selection,yes-feature-selection,yes,yes-feature-selection,no,agreement between coding passes,none/rhetorical,none/rhetorical,yes,none/rhetorical,no,agreement between coding passes,runtime/resource,runtime/resource,yes,none,yes,full-text adjudication under the S5 codebook,artifact,artifact,yes,artifact,no,agreement between coding passes,moderate,moderate,yes,moderate,no,agreement between coding passes,low,low,yes,moderate,yes,full-text adjudication under the S5 codebook
S018,Budiman2026EnhancingXGBoostPerformance,FT065,2026,Enhancing XGBoost performance for classification tasks using particle swarm optimization and SHAP-based model interpretability,holdout,model inspection,model inspection,yes,model inspection,no,agreement between coding passes,yes-optimization,yes-optimization,yes,no,yes,full-text adjudication under the S5 codebook,none/rhetorical,none/rhetorical,yes,none/rhetorical,no,agreement between coding passes,none,none,yes,none,no,agreement between coding passes,artifact,artifact,yes,artifact,no,agreement between coding passes,moderate,moderate,yes,moderate,no,agreement between coding passes,low,low,yes,moderate,yes,full-text adjudication under the S5 codebook
S019,Tashtoush2024ExploringLowlevelStatistical,FT072,2024,Exploring low-level statistical features of n-grams in phishing URLs: a comparative analysis with high-level features,holdout,local decision rationale,local decision rationale,yes,explanation-informed modeling,yes,full-text adjudication under the S5 codebook,no,no,yes,yes-model-simplification,yes,full-text adjudication under the S5 codebook,none/rhetorical,none/rhetorical,yes,none/rhetorical,no,agreement between coding passes,runtime/resource,runtime/resource,yes,runtime/resource,no,agreement between coding passes,artifact,artifact,yes,artifact,no,agreement between coding passes,moderate,moderate,yes,moderate,no,agreement between coding passes,low,low,yes,moderate,yes,full-text adjudication under the S5 codebook
S020,Melisa2025ExplainableHybridDeep,FT047,2025,An explainable hybrid deep learning-optimization framework for robust phishing attack detection using GAN and transformer-based feature learning,holdout,model inspection,model inspection,yes,model inspection,no,agreement between coding passes,yes-multiple,yes-multiple,yes,no,yes,full-text adjudication under the S5 codebook,none/rhetorical,none/rhetorical,yes,none/rhetorical,no,agreement between coding passes,none,none,yes,runtime/resource,yes,full-text adjudication under the S5 codebook,artifact,artifact,yes,artifact,no,agreement between coding passes,high,high,yes,moderate,yes,full-text adjudication under the S5 codebook,moderate,moderate,yes,high,yes,full-text adjudication under the S5 codebook
S021,Puri2022ApplicationEnsembleWeb,FT050,2022,Application of ensemble Machine Learning models for phishing detection on web networks,holdout,model inspection,model inspection,yes,model inspection,no,agreement between coding passes,no,no,yes,no,no,agreement between coding passes,none/rhetorical,none/rhetorical,yes,none/rhetorical,no,agreement between coding passes,none,none,yes,none,no,agreement between coding passes,artifact,artifact,yes,artifact,no,agreement between coding passes,moderate,moderate,yes,moderate,no,agreement between coding passes,moderate,moderate,yes,moderate,no,agreement between coding passes
S022,Palavali2025ExplainableEnsembleDetecting,FT070,2025,Explainable Ensemble Learning for Detecting Phishing URLs using Lightweight Cyber Threat Intelligence,holdout,local decision rationale,local decision rationale,yes,model inspection,yes,full-text adjudication under the S5 codebook,no,no,yes,no,no,agreement between coding passes,none/rhetorical,none/rhetorical,yes,automated proxy,yes,full-text adjudication under the S5 codebook,runtime/resource,runtime/resource,yes,runtime/resource,no,agreement between coding passes,artifact,artifact,yes,artifact,no,agreement between coding passes,moderate,moderate,yes,moderate,no,agreement between coding passes,moderate,moderate,yes,high,yes,full-text adjudication under the S5 codebook
S023,Ahmed2026IntelligentEmailSystem,FT049,2026,An intelligent phishing email detection system using ensemble methods and explainable AI,holdout,model inspection,model inspection,yes,robustness/failure analysis,yes,full-text adjudication under the S5 codebook,no,no,yes,yes-feature-selection,yes,full-text adjudication under the S5 codebook,none/rhetorical,none/rhetorical,yes,none/rhetorical,no,agreement between coding passes,runtime/resource,runtime/resource,yes,runtime/resource,no,agreement between coding passes,artifact,artifact,yes,artifact,no,agreement between coding passes,moderate,moderate,yes,moderate,no,agreement between coding passes,low,moderate,no,low,yes,full-text adjudication under the S5 codebook
S025,Alotaibi2025ExplainableArtificialIntelligence,FT024,2025,Explainable artificial intelligence in web phishing classification on secure IoT with cloud-based cyber-physical systems,holdout,model inspection,model inspection,yes,local decision rationale,yes,full-text adjudication under the S5 codebook,yes-multiple,yes-optimization,no,no,yes,full-text adjudication under the S5 codebook,none/rhetorical,none/rhetorical,yes,none/rhetorical,no,agreement between coding passes,runtime/resource,runtime/resource,yes,runtime/resource,no,agreement between coding passes,artifact,artifact,yes,artifact,no,agreement between coding passes,moderate,moderate,yes,moderate,no,agreement between coding passes,low,moderate,no,moderate,yes,full-text adjudication under the S5 codebook
S026,Uddin2026ExplainableTransformerbasedEmail,FT015,2026,An explainable transformer-based model for phishing email detection: A large language model approach,holdout,model inspection,model inspection,yes,local decision rationale,yes,full-text adjudication under the S5 codebook,no,no,yes,no,no,agreement between coding passes,none/rhetorical,none/rhetorical,yes,none/rhetorical,no,agreement between coding passes,none,none,yes,none,no,agreement between coding passes,artifact,artifact,yes,artifact,no,agreement between coding passes,moderate,moderate,yes,moderate,no,agreement between coding passes,low,moderate,no,moderate,yes,full-text adjudication under the S5 codebook
S027,Bharath2025TrimodelEnsembleApproach,FT022,2025,A Tri-model Ensemble Approach for Phishing URL Detection Using Explainable AI and Hyperparameter Tuning Techniques,holdout,local decision rationale,local decision rationale,yes,local decision rationale,no,agreement between coding passes,no,no,yes,no,no,agreement between coding passes,none/rhetorical,none/rhetorical,yes,none/rhetorical,no,agreement between coding passes,none,none,yes,none,no,agreement between coding passes,artifact,artifact,yes,artifact,no,agreement between coding passes,moderate,moderate,yes,moderate,no,agreement between coding passes,moderate,high,no,moderate,yes,full-text adjudication under the S5 codebook
S029,Jovanovic2023ImprovingWebsiteHybrid,FT076,2023,Improving Phishing Website Detection Using a Hybrid Two-level Framework for Feature Selection and XGBoost Tuning,holdout,model inspection,model inspection,yes,model inspection,no,agreement between coding passes,yes-multiple,no,no,no,yes,full-text adjudication under the S5 codebook,none/rhetorical,none/rhetorical,yes,none/rhetorical,no,agreement between coding passes,none,none,yes,none,no,agreement between coding passes,artifact,artifact,yes,artifact,no,agreement between coding passes,moderate,moderate,yes,moderate,no,agreement between coding passes,moderate,moderate,yes,moderate,no,agreement between coding passes
S030,Mia2025CanFeaturesURL,FT054,2024,Can Features for Phishing URL Detection Be Trusted Across Diverse Datasets? A Case Study with Explainable AI,calibration,robustness/failure analysis,robustness/failure analysis,yes,robustness/failure analysis,no,agreement between coding passes,no,no,yes,no,no,agreement between coding passes,none/rhetorical,none/rhetorical,yes,none/rhetorical,no,agreement between coding passes,none,none,yes,none,no,agreement between coding passes,artifact,artifact,yes,artifact,no,agreement between coding passes,high,high,yes,high,no,agreement between coding passes,low,moderate,no,low,yes,full-text adjudication under the S5 codebook
S031,Weamie2025ExplainableWebsiteEnhancing,FT071,2025,Explainable Machine Learning Models for Phishing Website Detection: Enhancing Transparency and Accuracy in Cybersecurity,holdout,model inspection,model inspection,yes,model inspection,no,agreement between coding passes,no,no,yes,no,no,agreement between coding passes,none/rhetorical,none/rhetorical,yes,none/rhetorical,no,agreement between coding passes,none,none,yes,runtime/resource,yes,full-text adjudication under the S5 codebook,artifact,artifact,yes,artifact,no,agreement between coding passes,low,low,yes,moderate,yes,full-text adjudication under the S5 codebook,moderate,moderate,yes,moderate,no,agreement between coding passes
S032,Tallapally2025ExplainableDeepEmail,FT018,2025,Explainable Deep Learning Models for Phishing Email Detection,holdout,operational interface support,operational interface support,yes,operational interface support,no,agreement between coding passes,no,no,yes,no,no,agreement between coding passes,automated proxy,automated proxy,yes,none/rhetorical,yes,full-text adjudication under the S5 codebook,none,none,yes,prototype/interface,yes,full-text adjudication under the S5 codebook,artifact,artifact,yes,interface,yes,full-text adjudication under the S5 codebook,moderate,moderate,yes,moderate,no,agreement between coding passes,low,low,yes,moderate,yes,full-text adjudication under the S5 codebook
S033,Hernandes2021URLbasedTechniques,FT025,2021,Phishing Detection Using URL-based XAI Techniques,holdout,model inspection,model inspection,yes,local decision rationale,yes,full-text adjudication under the S5 codebook,no,no,yes,no,no,agreement between coding passes,none/rhetorical,none/rhetorical,yes,none/rhetorical,no,agreement between coding passes,none,none,yes,none,no,agreement between coding passes,artifact,artifact,yes,artifact,no,agreement between coding passes,low,low,yes,moderate,yes,full-text adjudication under the S5 codebook,moderate,moderate,yes,moderate,no,agreement between coding passes
S034,Kumar2026IPDMIntelligentECommerce,FT077,2026,IPDM: An Intelligent Phishing Detection Model for E-Commerce Websites,holdout,model inspection,model inspection,yes,model inspection,no,agreement between coding passes,no,no,yes,no,no,agreement between coding passes,none/rhetorical,none/rhetorical,yes,none/rhetorical,no,agreement between coding passes,prototype/interface,prototype/interface,yes,runtime/resource,yes,full-text adjudication under the S5 codebook,interface,interface,yes,artifact,yes,full-text adjudication under the S5 codebook,moderate,moderate,yes,moderate,no,agreement between coding passes,moderate,moderate,yes,moderate,no,agreement between coding passes
S035,Pavani2024EnhancingOnlineSafety,FT064,2024,Enhancing Online Safety: Phishing URL Detection Using Machine Learning and Explainable AI,holdout,local decision rationale,local decision rationale,yes,local decision rationale,no,agreement between coding passes,no,no,yes,no,no,agreement between coding passes,none/rhetorical,none/rhetorical,yes,none/rhetorical,no,agreement between coding passes,runtime/resource,runtime/resource,yes,none,yes,full-text adjudication under the S5 codebook,artifact,artifact,yes,artifact,no,agreement between coding passes,moderate,moderate,yes,moderate,no,agreement between coding passes,low,moderate,no,moderate,yes,full-text adjudication under the S5 codebook
S036,Nti2026SynergisticIntrusionIntegrating,FT089,2026,Synergistic Phishing Intrusion Detection: Integrating Behavioral and Structural Indicators with Hybrid Ensembles and XAI Validation,holdout,model inspection,model inspection,yes,model inspection,no,agreement between coding passes,no,no,yes,no,no,agreement between coding passes,none/rhetorical,none/rhetorical,yes,none/rhetorical,no,agreement between coding passes,runtime/resource,runtime/resource,yes,none,yes,full-text adjudication under the S5 codebook,artifact,artifact,yes,artifact,no,agreement between coding passes,low,low,yes,moderate,yes,full-text adjudication under the S5 codebook,moderate,moderate,yes,moderate,no,agreement between coding passes
S037,Nauman2025TransparentTrustworthyCyberSecurity,FT032,2025,Transparent and trustworthy CyberSecurity: an XAI-integrated big data framework for phishing attack detection,holdout,local decision rationale,local decision rationale,yes,model inspection,yes,full-text adjudication under the S5 codebook,no,no,yes,no,no,agreement between coding passes,none/rhetorical,none/rhetorical,yes,none/rhetorical,no,agreement between coding passes,none,none,yes,none,no,agreement between coding passes,artifact,artifact,yes,artifact,no,agreement between coding passes,moderate,moderate,yes,moderate,no,agreement between coding passes,low,moderate,no,moderate,yes,full-text adjudication under the S5 codebook
S038,Lim2025VeriPhishBridgingExplainability,FT012,2025,VeriPhish: Bridging AI Explainability and Accuracy in Phishing Detection Through XAI and LLMs,calibration,local decision rationale,local decision rationale,yes,operational interface support,yes,full-text adjudication under the S5 codebook,no,no,yes,no,no,agreement between coding passes,automated proxy,automated proxy,yes,automated proxy,no,agreement between coding passes,prototype/interface,prototype/interface,yes,prototype/interface,no,agreement between coding passes,interface,interface,yes,interface,no,agreement between coding passes,high,high,yes,moderate,yes,full-text adjudication under the S5 codebook,moderate,low,no,moderate,yes,full-text adjudication under the S5 codebook
S039,BustioMartinez2026EnhancedMultimodalData,FT062,2026,Enhanced phishing detection using multimodal data,holdout,model inspection,model inspection,yes,local decision rationale,yes,full-text adjudication under the S5 codebook,no,no,yes,no,no,agreement between coding passes,none/rhetorical,explicit human/user/analyst evaluation,no,explicit human/user/analyst evaluation,yes,full-text adjudication under the S5 codebook,runtime/resource,runtime/resource,yes,none,yes,full-text adjudication under the S5 codebook,artifact,human interpretation,no,human interpretation,yes,full-text adjudication under the S5 codebook,low,low,yes,moderate,yes,full-text adjudication under the S5 codebook,low,low,yes,moderate,yes,full-text adjudication under the S5 codebook
S040,Mayo2026TemporallyDynamicFeatureExtraction,FT040,2026,A Temporally Dynamic Feature-Extraction Framework for Phishing Detection with LIME and SHAP Explanations,holdout,model inspection,model inspection,yes,model inspection,no,agreement between coding passes,no,no,yes,no,no,agreement between coding passes,none/rhetorical,none/rhetorical,yes,none/rhetorical,no,agreement between coding passes,none,none,yes,none,no,agreement between coding passes,artifact,artifact,yes,artifact,no,agreement between coding passes,high,high,yes,high,no,agreement between coding passes,low,low,yes,moderate,yes,full-text adjudication under the S5 codebook
S041,Kehkashan2025ExplainableWebsiteSecure,FT031,2025,Explainable phishing website detection for secure and sustainable cyber infrastructure,holdout,model inspection,model inspection,yes,explanation-informed modeling,yes,full-text adjudication under the S5 codebook,yes-feature-selection,yes-feature-selection,yes,yes-feature-selection,no,agreement between coding passes,none/rhetorical,none/rhetorical,yes,none/rhetorical,no,agreement between coding passes,none,none,yes,none,no,agreement between coding passes,artifact,artifact,yes,artifact,no,agreement between coding passes,moderate,moderate,yes,moderate,no,agreement between coding passes,moderate,moderate,yes,moderate,no,agreement between coding passes
S042,Almakhamreh2026CrossPhireBenefitingMultimodality,FT058,2026,CrossPhire: Benefiting Multimodality for Robust Phishing Web Page Identification,calibration,local decision rationale,local decision rationale,yes,local decision rationale,no,agreement between coding passes,no,no,yes,no,no,agreement between coding passes,none/rhetorical,none/rhetorical,yes,none/rhetorical,no,agreement between coding passes,runtime/resource,runtime/resource,yes,runtime/resource,no,agreement between coding passes,artifact,artifact,yes,artifact,no,agreement between coding passes,low,moderate,no,high,yes,full-text adjudication under the S5 codebook,low,low,yes,low,no,agreement between coding passes
S043,Dhanavanthini2025HarnessingGreyWolf,FT073,2025,Harnessing Grey Wolf Optimization and SHAP X-AI for Robust and Scalable URL Phishing Detection,holdout,explanation-informed modeling,explanation-informed modeling,yes,local decision rationale,yes,full-text adjudication under the S5 codebook,yes-multiple,yes-multiple,yes,no,yes,full-text adjudication under the S5 codebook,none/rhetorical,none/rhetorical,yes,none/rhetorical,no,agreement between coding passes,prototype/interface,prototype/interface,yes,none,yes,full-text adjudication under the S5 codebook,interface,interface,yes,artifact,yes,full-text adjudication under the S5 codebook,moderate,moderate,yes,unclear,yes,full-text adjudication under the S5 codebook,low,moderate,no,high,yes,full-text adjudication under the S5 codebook
S044,Alorvor2025RealTimeBrandProtection,FT026,2025,Real-Time Phishing Detection for Brand Protection Using Temporal Convolutional Network-Driven URL Sequence Modeling,holdout,model inspection,model inspection,yes,model inspection,no,agreement between coding passes,no,no,yes,no,no,agreement between coding passes,automated proxy,automated proxy,yes,automated proxy,no,agreement between coding passes,prototype/interface,prototype/interface,yes,prototype/interface,no,agreement between coding passes,interface,interface,yes,interface,no,agreement between coding passes,low,low,yes,moderate,yes,full-text adjudication under the S5 codebook,low,low,yes,moderate,yes,full-text adjudication under the S5 codebook
S045,Tawfik2025ExplainableFewshotModern,FT013,2025,Explainable few-shot learning with modern BERT for detecting emerging phishing attacks using XF PhishBERT,calibration,model inspection,model inspection,yes,local decision rationale,yes,full-text adjudication under the S5 codebook,no,no,yes,no,no,agreement between coding passes,explicit human/user/analyst evaluation,explicit human/user/analyst evaluation,yes,explicit human/user/analyst evaluation,no,agreement between coding passes,runtime/resource,runtime/resource,yes,field setting,yes,full-text adjudication under the S5 codebook,human interpretation,human interpretation,yes,human interpretation,no,agreement between coding passes,high,high,yes,high,no,agreement between coding passes,moderate,moderate,yes,low,yes,full-text adjudication under the S5 codebook
S046,Bhavana2025ContextAwareEmailHybrid,FT057,2025,Context-Aware Phishing Email Detection Using Hybrid Machine Learning and Explainable AI,holdout,model inspection,model inspection,yes,local decision rationale,yes,full-text adjudication under the S5 codebook,no,no,yes,no,no,agreement between coding passes,none/rhetorical,none/rhetorical,yes,none/rhetorical,no,agreement between coding passes,runtime/resource,runtime/resource,yes,runtime/resource,no,agreement between coding passes,artifact,artifact,yes,artifact,no,agreement between coding passes,low,low,yes,moderate,yes,full-text adjudication under the S5 codebook,moderate,moderate,yes,high,yes,full-text adjudication under the S5 codebook
S047,Aldoufani2025IntelligentSystemDeep,FT048,2025,An Intelligent Phishing Detection System Using Deep Learning and Explainable AI,holdout,model inspection,model inspection,yes,operational interface support,yes,full-text adjudication under the S5 codebook,no,no,yes,no,no,agreement between coding passes,none/rhetorical,none/rhetorical,yes,none/rhetorical,no,agreement between coding passes,none,none,yes,prototype/interface,yes,full-text adjudication under the S5 codebook,artifact,artifact,yes,interface,yes,full-text adjudication under the S5 codebook,moderate,moderate,yes,moderate,no,agreement between coding passes,low,moderate,no,moderate,yes,full-text adjudication under the S5 codebook
S048,Mahmood2025IntelligentCyberDefense,FT028,2025,Intelligent Cyber Defense: Utilizing Deep Learning for Robust Detection and Prevention of Phishing Websites,holdout,model inspection,model inspection,yes,local decision rationale,yes,full-text adjudication under the S5 codebook,no,no,yes,no,no,agreement between coding passes,none/rhetorical,none/rhetorical,yes,none/rhetorical,no,agreement between coding passes,runtime/resource,runtime/resource,yes,runtime/resource,no,agreement between coding passes,artifact,artifact,yes,artifact,no,agreement between coding passes,moderate,moderate,yes,moderate,no,agreement between coding passes,low,moderate,no,moderate,yes,full-text adjudication under the S5 codebook
S049,Lakshmi2026LightPhishAILightweightMultimodal,FT019,2026,LightPhishAI: A Lightweight Multimodal Feature Extraction and Fusion Framework for Real-Time Phishing Detection on IoT Devices,holdout,model inspection,model inspection,yes,model inspection,no,agreement between coding passes,no,no,yes,no,no,agreement between coding passes,none/rhetorical,none/rhetorical,yes,none/rhetorical,no,agreement between coding passes,runtime/resource,runtime/resource,yes,runtime/resource,no,agreement between coding passes,artifact,artifact,yes,artifact,no,agreement between coding passes,moderate,moderate,yes,moderate,no,agreement between coding passes,moderate,moderate,yes,moderate,no,agreement between coding passes
S050,Vishwajeeth2025ExplainableAdversariallyEvaluated,FT069,2025,Explainable and Adversarially Evaluated CNN for Visual Phishing Detection,calibration,model inspection,model inspection,yes,local decision rationale,yes,full-text adjudication under the S5 codebook,no,no,yes,no,no,agreement between coding passes,none/rhetorical,none/rhetorical,yes,none/rhetorical,no,agreement between coding passes,runtime/resource,runtime/resource,yes,runtime/resource,no,agreement between coding passes,artifact,artifact,yes,artifact,no,agreement between coding passes,moderate,moderate,yes,moderate,no,agreement between coding passes,low,moderate,no,moderate,yes,full-text adjudication under the S5 codebook
S051,Lad2025AIEnabledLinks,FT045,2025,AI-Enabled Phishing Links Detection Using Machine Learning Models,holdout,model inspection,model inspection,yes,local decision rationale,yes,full-text adjudication under the S5 codebook,no,no,yes,no,no,agreement between coding passes,none/rhetorical,none/rhetorical,yes,none/rhetorical,no,agreement between coding passes,none,none,yes,none,no,agreement between coding passes,artifact,artifact,yes,artifact,no,agreement between coding passes,moderate,moderate,yes,low,yes,full-text adjudication under the S5 codebook,low,low,yes,high,yes,full-text adjudication under the S5 codebook
S052,Upreti2025AQUAPHISHLeveragingMetaheuristics,FT002,2025,AQUAPHISH: Leveraging Metaheuristics and Automated Machine Learning for Precision Phishing Detection,calibration,explanation-informed modeling,explanation-informed modeling,yes,model inspection,yes,full-text adjudication under the S5 codebook,yes-multiple,yes-feature-selection,no,no,yes,full-text adjudication under the S5 codebook,none/rhetorical,none/rhetorical,yes,none/rhetorical,no,agreement between coding passes,runtime/resource,runtime/resource,yes,runtime/resource,no,agreement between coding passes,artifact,artifact,yes,artifact,no,agreement between coding passes,moderate,moderate,yes,moderate,no,agreement between coding passes,moderate,moderate,yes,moderate,no,agreement between coding passes
S053,Gurjar2021WebSecAsstChromeExtension,FT091,2021,WebSecAsst - A Machine Learning based Chrome Extension,holdout,model inspection,model inspection,yes,operational interface support,yes,full-text adjudication under the S5 codebook,no,no,yes,no,no,agreement between coding passes,none/rhetorical,none/rhetorical,yes,none/rhetorical,no,agreement between coding passes,runtime/resource,runtime/resource,yes,prototype/interface,yes,full-text adjudication under the S5 codebook,artifact,artifact,yes,interface,yes,full-text adjudication under the S5 codebook,high,high,yes,high,no,agreement between coding passes,moderate,moderate,yes,moderate,no,agreement between coding passes
S054,Liang2025WebsiteConstructionImproved,FT084,2025,Phishing Website Detection Model Construction Based on Improved IHHO-RF-SHAP Algorithm,holdout,model inspection,model inspection,yes,model inspection,no,agreement between coding passes,yes-optimization,yes-optimization,yes,no,yes,full-text adjudication under the S5 codebook,none/rhetorical,none/rhetorical,yes,none/rhetorical,no,agreement between coding passes,runtime/resource,runtime/resource,yes,none,yes,full-text adjudication under the S5 codebook,artifact,artifact,yes,artifact,no,agreement between coding passes,moderate,moderate,yes,moderate,no,agreement between coding passes,low,low,yes,high,yes,full-text adjudication under the S5 codebook
S055,Naseer2025ExplainableTabNetEnsemble,FT027,2025,Explainable TabNet ensemble model for identification of obfuscated URLs with features selection to ensure secure web browsing,holdout,model inspection,model inspection,yes,explanation-informed modeling,yes,full-text adjudication under the S5 codebook,no,yes-feature-selection,no,yes-feature-selection,yes,full-text adjudication under the S5 codebook,none/rhetorical,none/rhetorical,yes,none/rhetorical,no,agreement between coding passes,runtime/resource,runtime/resource,yes,none,yes,full-text adjudication under the S5 codebook,artifact,artifact,yes,artifact,no,agreement between coding passes,moderate,moderate,yes,moderate,no,agreement between coding passes,low,moderate,no,moderate,yes,full-text adjudication under the S5 codebook
S056,Akhtar2025MitigatingCyberThreats,FT029,2025,Mitigating Cyber Threats: Machine Learning and Explainable AI for Phishing Detection,holdout,local decision rationale,local decision rationale,yes,local decision rationale,no,agreement between coding passes,no,no,yes,no,no,agreement between coding passes,none/rhetorical,none/rhetorical,yes,none/rhetorical,no,agreement between coding passes,runtime/resource,runtime/resource,yes,none,yes,full-text adjudication under the S5 codebook,artifact,artifact,yes,artifact,no,agreement between coding passes,moderate,moderate,yes,moderate,no,agreement between coding passes,low,low,yes,moderate,yes,full-text adjudication under the S5 codebook
S057,Datto2025EnhancedPayloadFineTuned,FT063,2025,Enhanced Phishing Payload Detection Using Fine-Tuned DistilBERT and XAI-Based NLP Models,holdout,robustness/failure analysis,robustness/failure analysis,yes,robustness/failure analysis,no,agreement between coding passes,no,no,yes,no,no,agreement between coding passes,none/rhetorical,none/rhetorical,yes,none/rhetorical,no,agreement between coding passes,runtime/resource,runtime/resource,yes,none,yes,full-text adjudication under the S5 codebook,artifact,artifact,yes,artifact,no,agreement between coding passes,low,low,yes,moderate,yes,full-text adjudication under the S5 codebook,high,high,yes,moderate,yes,full-text adjudication under the S5 codebook
S058,Reda2025HybridMLOpsFramework,FT030,2025,Hybrid MLOps framework for automated lifecycle management of adaptive phishing detection models,holdout,robustness/failure analysis,robustness/failure analysis,yes,operational interface support,yes,full-text adjudication under the S5 codebook,yes-feature-selection,yes-feature-selection,yes,no,yes,full-text adjudication under the S5 codebook,none/rhetorical,none/rhetorical,yes,none/rhetorical,no,agreement between coding passes,workflow/lifecycle,workflow/lifecycle,yes,workflow/lifecycle,no,agreement between coding passes,interface,interface,yes,interface,no,agreement between coding passes,high,high,yes,high,no,agreement between coding passes,low,moderate,no,low,yes,full-text adjudication under the S5 codebook
S059,Ivanicki2026StudyDegradationAcrossReal,FT092,2026,An Explainable AI Study of Phishing Detection Model Degradation Across Real-World Events,holdout,model inspection,model inspection,yes,robustness/failure analysis,yes,full-text adjudication under the S5 codebook,no,no,yes,no,no,agreement between coding passes,none/rhetorical,none/rhetorical,yes,none/rhetorical,no,agreement between coding passes,none,none,yes,none,no,agreement between coding passes,artifact,artifact,yes,interface,yes,full-text adjudication under the S5 codebook,high,high,yes,moderate,yes,full-text adjudication under the S5 codebook,low,low,yes,low,no,agreement between coding passes
S060,Asal2026EmailClassificationComparativeStudy,FT093,2026,"Deep learning and explainable AI for email phishing classification: A comparative study of TabNet, NODE and FT-transformer models",holdout,model inspection,model inspection,yes,model inspection,no,agreement between coding passes,no,no,yes,no,no,agreement between coding passes,none/rhetorical,none/rhetorical,yes,none/rhetorical,no,agreement between coding passes,none,none,yes,none,no,agreement between coding passes,artifact,artifact,yes,artifact,no,agreement between coding passes,moderate,moderate,yes,moderate,no,agreement between coding passes,moderate,moderate,yes,low,yes,full-text adjudication under the S5 codebook
S061,Kumar2025HumanWrittenGeneratedEmails,FT094,2025,Detecting Human-Written and AI-Generated Phishing Emails with DistilBERT and Explainable AI,holdout,model inspection,model inspection,yes,local decision rationale,yes,full-text adjudication under the S5 codebook,no,no,yes,no,no,agreement between coding passes,none/rhetorical,none/rhetorical,yes,none/rhetorical,no,agreement between coding passes,none,none,yes,none,no,agreement between coding passes,artifact,artifact,yes,artifact,no,agreement between coding passes,low,low,yes,moderate,yes,full-text adjudication under the S5 codebook,low,moderate,no,high,yes,full-text adjudication under the S5 codebook
S062,Fatih2025EvaluatingLIMEExplainabilityURL,FT095,2025,Evaluating LIME-Based Explainability for Phishing URL Detection Across Multiple Machine Learning Models,holdout,model inspection,model inspection,yes,model inspection,no,agreement between coding passes,no,no,yes,no,no,agreement between coding passes,none/rhetorical,none/rhetorical,yes,automated proxy,yes,full-text adjudication under the S5 codebook,none,none,yes,none,no,agreement between coding passes,artifact,artifact,yes,artifact,no,agreement between coding passes,moderate,moderate,yes,moderate,no,agreement between coding passes,low,low,yes,moderate,yes,full-text adjudication under the S5 codebook
S063,Uddin2025SiteHighEfficiencyBoosting,FT096,2025,Explainable Machine Learning for Phishing Site Detection: A High-Efficiency Approach Using Boosting Models and SHAP,holdout,local decision rationale,local decision rationale,yes,model inspection,yes,full-text adjudication under the S5 codebook,no,no,yes,no,no,agreement between coding passes,none/rhetorical,none/rhetorical,yes,none/rhetorical,no,agreement between coding passes,none,none,yes,runtime/resource,yes,full-text adjudication under the S5 codebook,artifact,artifact,yes,artifact,no,agreement between coding passes,moderate,moderate,yes,moderate,no,agreement between coding passes,moderate,moderate,yes,moderate,no,agreement between coding passes
S064,Yi2025URLInterpretabilityCrossDataset,FT097,2026,Phishing URL Detection and Interpretability With Machine Learning: A Cross-Dataset Approach,holdout,model inspection,model inspection,yes,operational interface support,yes,full-text adjudication under the S5 codebook,no,no,yes,no,no,agreement between coding passes,none/rhetorical,none/rhetorical,yes,none/rhetorical,no,agreement between coding passes,none,none,yes,prototype/interface,yes,full-text adjudication under the S5 codebook,artifact,artifact,yes,interface,yes,full-text adjudication under the S5 codebook,low,low,yes,moderate,yes,full-text adjudication under the S5 codebook,low,low,yes,low,no,agreement between coding passes
S065,Alasmari2025IoTIntegratedCNNLSTM,FT098,2025,Phishing detection in IoT: an integrated CNN-LSTM framework with explainable AI and LLM-enhanced analysis,holdout,model inspection,model inspection,yes,local decision rationale,yes,full-text adjudication under the S5 codebook,no,no,yes,no,no,agreement between coding passes,automated proxy,automated proxy,yes,explicit human/user/analyst evaluation,yes,full-text adjudication under the S5 codebook,runtime/resource,runtime/resource,yes,runtime/resource,no,agreement between coding passes,artifact,artifact,yes,human interpretation,yes,full-text adjudication under the S5 codebook,low,low,yes,moderate,yes,full-text adjudication under the S5 codebook,low,low,yes,high,yes,full-text adjudication under the S5 codebook
S066,Kirupa2025SafeSurfBrowserIntegratedHybrid,FT099,2025,SafeSurf-AI: A Browser-Integrated Hybrid Phishing and Spam Detection Framework with Real-Time Awareness Simulation and Explainable AI,holdout,model inspection,model inspection,yes,operational interface support,yes,full-text adjudication under the S5 codebook,no,no,yes,no,no,agreement between coding passes,none/rhetorical,none/rhetorical,yes,none/rhetorical,no,agreement between coding passes,none,none,yes,prototype/interface,yes,full-text adjudication under the S5 codebook,artifact,artifact,yes,interface,yes,full-text adjudication under the S5 codebook,moderate,moderate,yes,moderate,no,agreement between coding passes,low,low,yes,high,yes,full-text adjudication under the S5 codebook
S067,AlSubaiey2024NovelInterpretableRobustWeb,FT100,2024,Novel interpretable and robust web-based AI platform for phishing email detection,holdout,model inspection,model inspection,yes,operational interface support,yes,full-text adjudication under the S5 codebook,no,no,yes,no,no,agreement between coding passes,none/rhetorical,none/rhetorical,yes,none/rhetorical,no,agreement between coding passes,none,none,yes,prototype/interface,yes,full-text adjudication under the S5 codebook,artifact,artifact,yes,interface,yes,full-text adjudication under the S5 codebook,low,low,yes,moderate,yes,full-text adjudication under the S5 codebook,low,low,yes,moderate,yes,full-text adjudication under the S5 codebook
S068,Choutapally2024PaciPhishInterpretableURL,FT101,2024,PaciPhish: Intelligent and Interpretable Phishing URL Detection Framework,holdout,local decision rationale,local decision rationale,yes,local decision rationale,no,agreement between coding passes,no,no,yes,no,no,agreement between coding passes,none/rhetorical,none/rhetorical,yes,none/rhetorical,no,agreement between coding passes,runtime/resource,runtime/resource,yes,runtime/resource,no,agreement between coding passes,artifact,artifact,yes,artifact,no,agreement between coding passes,moderate,moderate,yes,moderate,no,agreement between coding passes,low,low,yes,high,yes,full-text adjudication under the S5 codebook
S069,Kluge2021ExplainingSuspicionDesignUser,FT102,2021,Explaining the Suspicion: Design of an XAI-Based User-Focused Anti-Phishing Measure,holdout,model inspection,model inspection,yes,local decision rationale,yes,full-text adjudication under the S5 codebook,no,no,yes,no,no,agreement between coding passes,none/rhetorical,none/rhetorical,yes,explicit human/user/analyst evaluation,yes,full-text adjudication under the S5 codebook,none,none,yes,none,no,agreement between coding passes,artifact,artifact,yes,human interpretation,yes,full-text adjudication under the S5 codebook,low,low,yes,moderate,yes,full-text adjudication under the S5 codebook,low,low,yes,low,no,agreement between coding passes
S070,Ananthajothi2026HybridTabNetTransformerText,FT103,2026,A Hybrid Deep Learning Approach for Phishing Detection Using TabNet and Transformer-Based Text Analysis,holdout,model inspection,model inspection,yes,model inspection,no,agreement between coding passes,no,no,yes,no,no,agreement between coding passes,none/rhetorical,none/rhetorical,yes,none/rhetorical,no,agreement between coding passes,none,none,yes,none,no,agreement between coding passes,artifact,artifact,yes,artifact,no,agreement between coding passes,low,low,yes,low,no,agreement between coding passes,low,low,yes,high,yes,full-text adjudication under the S5 codebook
S071,Shakir2026NovelPSOOptimizedRandom,FT104,2026,A Novel PSO-optimized Random Forest Model for Enhanced Phishing Detection,holdout,model inspection,model inspection,yes,local decision rationale,yes,full-text adjudication under the S5 codebook,yes-optimization,yes-optimization,yes,no,yes,full-text adjudication under the S5 codebook,none/rhetorical,none/rhetorical,yes,none/rhetorical,no,agreement between coding passes,runtime/resource,runtime/resource,yes,runtime/resource,no,agreement between coding passes,artifact,artifact,yes,artifact,no,agreement between coding passes,moderate,moderate,yes,moderate,no,agreement between coding passes,low,low,yes,low,no,agreement between coding passes
S072,Sathiyapriya2026EmailLinkGenerativeML,FT105,2026,AI-Based Phishing Email and Link Detection Framework Through Generative AI and Explainable ML,holdout,model inspection,model inspection,yes,operational interface support,yes,full-text adjudication under the S5 codebook,no,no,yes,no,no,agreement between coding passes,none/rhetorical,none/rhetorical,yes,behavior/field outcome,yes,full-text adjudication under the S5 codebook,runtime/resource,runtime/resource,yes,workflow/lifecycle,yes,full-text adjudication under the S5 codebook,artifact,artifact,yes,decision/behavior,yes,full-text adjudication under the S5 codebook,moderate,moderate,yes,moderate,no,agreement between coding passes,low,low,yes,high,yes,full-text adjudication under the S5 codebook
S073,Shanthi2026SecureURLIntelligenceEngine,FT110,2026,Secure URL Intelligence Based Engine for Phishing Detection,holdout,model inspection,model inspection,yes,operational interface support,yes,full-text adjudication under the S5 codebook,no,no,yes,no,no,agreement between coding passes,none/rhetorical,none/rhetorical,yes,explicit human/user/analyst evaluation,yes,full-text adjudication under the S5 codebook,none,none,yes,prototype/interface,yes,full-text adjudication under the S5 codebook,artifact,artifact,yes,human interpretation,yes,full-text adjudication under the S5 codebook,low,low,yes,moderate,yes,full-text adjudication under the S5 codebook,low,low,yes,moderate,yes,full-text adjudication under the S5 codebook
S074,Mursi2025AgainstSmishingKenyaCulturally,FT111,2025,AI Against Smishing in Kenya: Culturally Adapted SMS Scam Detection for Digital Trust,holdout,model inspection,model inspection,yes,operational interface support,yes,full-text adjudication under the S5 codebook,no,no,yes,no,no,agreement between coding passes,none/rhetorical,none/rhetorical,yes,explicit human/user/analyst evaluation,yes,full-text adjudication under the S5 codebook,prototype/interface,none,no,prototype/interface,yes,full-text adjudication under the S5 codebook,interface,artifact,no,human interpretation,yes,full-text adjudication under the S5 codebook,moderate,moderate,yes,high,yes,full-text adjudication under the S5 codebook,low,low,yes,high,yes,full-text adjudication under the S5 codebook
S075,Chiper2025EveryCharacterCountsFrom,FT112,2025,Every Character Counts: From Vulnerability to Defense in Phishing Detection,holdout,robustness/failure analysis,robustness/failure analysis,yes,robustness/failure analysis,no,agreement between coding passes,no,no,yes,no,no,agreement between coding passes,none/rhetorical,none/rhetorical,yes,none/rhetorical,no,agreement between coding passes,runtime/resource,runtime/resource,yes,runtime/resource,no,agreement between coding passes,artifact,artifact,yes,artifact,no,agreement between coding passes,high,high,yes,high,no,agreement between coding passes,low,low,yes,moderate,yes,full-text adjudication under the S5 codebook
S076,Kapoor2025PrivacyPreservingEnsembleURL,FT113,2025,Explainable and Privacy-Preserving Ensemble Framework for Phishing URL Detection,holdout,model inspection,model inspection,yes,model inspection,no,agreement between coding passes,no,no,yes,no,no,agreement between coding passes,none/rhetorical,none/rhetorical,yes,none/rhetorical,no,agreement between coding passes,none,none,yes,none,no,agreement between coding passes,artifact,artifact,yes,artifact,no,agreement between coding passes,moderate,moderate,yes,low,yes,full-text adjudication under the S5 codebook,low,low,yes,high,yes,full-text adjudication under the S5 codebook
S077,Zhang2025TowardsEducationalZeroShot,FT114,2025,Towards Explainable and Educational Phishing Detection: A Zero-Shot LLM Approach,holdout,model inspection,model inspection,yes,local decision rationale,yes,full-text adjudication under the S5 codebook,no,no,yes,no,no,agreement between coding passes,none/rhetorical,none/rhetorical,yes,none/rhetorical,no,agreement between coding passes,runtime/resource,runtime/resource,yes,runtime/resource,no,agreement between coding passes,artifact,artifact,yes,artifact,no,agreement between coding passes,low,low,yes,moderate,yes,full-text adjudication under the S5 codebook,low,low,yes,moderate,yes,full-text adjudication under the S5 codebook
S078,Greco2023ExplainingAttacksEnhanceUser,FT121,2023,Explaining Phishing Attacks: An XAI Approach to Enhance User Awareness and Trust,holdout,operational interface support,operational interface support,yes,operational interface support,no,agreement between coding passes,no,no,yes,no,no,agreement between coding passes,none/rhetorical,none/rhetorical,yes,none/rhetorical,no,agreement between coding passes,none,none,yes,prototype/interface,yes,full-text adjudication under the S5 codebook,artifact,artifact,yes,interface,yes,full-text adjudication under the S5 codebook,moderate,moderate,yes,moderate,no,agreement between coding passes,low,low,yes,moderate,yes,full-text adjudication under the S5 codebook
S079,Bharanidharan2026EnsembleUrlLightweightCyber,FT127,2026,Explainable Ensemble Learning for Phishing Url Detection With Lightweight Cyber Threat Intelligence and Multi-Objective Optimization,holdout,model inspection,model inspection,yes,model inspection,no,agreement between coding passes,no,no,yes,no,no,agreement between coding passes,none/rhetorical,none/rhetorical,yes,none/rhetorical,no,agreement between coding passes,runtime/resource,runtime/resource,yes,runtime/resource,no,agreement between coding passes,artifact,artifact,yes,artifact,no,agreement between coding passes,moderate,moderate,yes,moderate,no,agreement between coding passes,moderate,moderate,yes,high,yes,full-text adjudication under the S5 codebook
S080,Graziano2026PhishVision20ImprovedVisual,FT131,2026,PhishVision2.0: An Improved Visual Brand Impersonation Detector for Identifying Phishing Attacks,holdout,robustness/failure analysis,robustness/failure analysis,yes,robustness/failure analysis,no,agreement between coding passes,no,no,yes,no,no,agreement between coding passes,none/rhetorical,none/rhetorical,yes,none/rhetorical,no,agreement between coding passes,runtime/resource,runtime/resource,yes,runtime/resource,no,agreement between coding passes,artifact,artifact,yes,artifact,no,agreement between coding passes,low,low,yes,moderate,yes,full-text adjudication under the S5 codebook,low,low,yes,high,yes,full-text adjudication under the S5 codebook
S081,Althoubi2025CATGPT4Context,FT136,2025,CAT-GPT-4: Context-Aware Phishing Detection with Explainability,holdout,model inspection,model inspection,yes,local decision rationale,yes,full-text adjudication under the S5 codebook,no,no,yes,no,no,agreement between coding passes,none/rhetorical,none/rhetorical,yes,explicit human/user/analyst evaluation,yes,full-text adjudication under the S5 codebook,runtime/resource,runtime/resource,yes,runtime/resource,no,agreement between coding passes,artifact,artifact,yes,human interpretation,yes,full-text adjudication under the S5 codebook,moderate,moderate,yes,moderate,no,agreement between coding passes,low,low,yes,high,yes,full-text adjudication under the S5 codebook
S082,Tashtoush2025LeveragingLargeLanguageAnalysis,FT144,2025,Leveraging Large Language Models for Detection and Intelligent Analysis of Phishing Threats,holdout,model inspection,model inspection,yes,operational interface support,yes,full-text adjudication under the S5 codebook,no,no,yes,no,no,agreement between coding passes,none/rhetorical,none/rhetorical,yes,explicit human/user/analyst evaluation,yes,full-text adjudication under the S5 codebook,none,none,yes,prototype/interface,yes,full-text adjudication under the S5 codebook,artifact,artifact,yes,human interpretation,yes,full-text adjudication under the S5 codebook,moderate,moderate,yes,moderate,no,agreement between coding passes,low,low,yes,high,yes,full-text adjudication under the S5 codebook
S083,Mendoza2025PhishFindRealTime,FT146,2025,PhishFind: A Machine Learning-Based System for Real-Time Phishing Detection,holdout,model inspection,model inspection,yes,operational interface support,yes,full-text adjudication under the S5 codebook,no,no,yes,no,no,agreement between coding passes,none/rhetorical,explicit human/user/analyst evaluation,no,explicit human/user/analyst evaluation,yes,full-text adjudication under the S5 codebook,none,none,yes,workflow/lifecycle,yes,full-text adjudication under the S5 codebook,artifact,human interpretation,no,human interpretation,yes,full-text adjudication under the S5 codebook,moderate,moderate,yes,moderate,no,agreement between coding passes,low,low,yes,high,yes,full-text adjudication under the S5 codebook
S084,Hassan2024EnhancingCyberSecurityEnsemble,FT149,2024,Enhancing The Cyber Security Using Ensemble Stacking Model For Phishing Sites Detection With Hyperparameter Tuning,holdout,model inspection,model inspection,yes,model inspection,no,agreement between coding passes,yes-multiple,no,no,no,yes,full-text adjudication under the S5 codebook,none/rhetorical,none/rhetorical,yes,none/rhetorical,no,agreement between coding passes,none,none,yes,none,no,agreement between coding passes,artifact,artifact,yes,artifact,no,agreement between coding passes,moderate,moderate,yes,moderate,no,agreement between coding passes,low,low,yes,moderate,yes,full-text adjudication under the S5 codebook
S085,Charmet2024VORTEXVisualDetectiOnsARe,FT152,2024,VORTEX: Visual Phishing DetectiOns aRe Through EXplanations,holdout,robustness/failure analysis,robustness/failure analysis,yes,robustness/failure analysis,no,agreement between coding passes,no,no,yes,no,no,agreement between coding passes,none/rhetorical,none/rhetorical,yes,automated proxy,yes,full-text adjudication under the S5 codebook,none,none,yes,none,no,agreement between coding passes,artifact,artifact,yes,artifact,no,agreement between coding passes,moderate,moderate,yes,moderate,no,agreement between coding passes,low,low,yes,moderate,yes,full-text adjudication under the S5 codebook
S086,Islam2024PhishGuardConvolutionalNeuralNetwork,FT156,2024,PhishGuard: A Convolutional Neural Network-Based Model for Detecting Phishing URLs with Explainability Analysis,holdout,model inspection,model inspection,yes,model inspection,no,agreement between coding passes,no,no,yes,no,no,agreement between coding passes,none/rhetorical,none/rhetorical,yes,none/rhetorical,no,agreement between coding passes,none,none,yes,none,no,agreement between coding passes,artifact,artifact,yes,artifact,no,agreement between coding passes,moderate,moderate,yes,moderate,no,agreement between coding passes,low,low,yes,high,yes,full-text adjudication under the S5 codebook
